1,140
2,140
3,140
4,140
5,140
6,140
7,140
8,140
9,140
10,140
11,140
12,140
13,140
14,140
15,140
16,140
17,140
18,140
19,140
20,140
21,140
22,140
23,140
24,140
25,31,144,41,58,68,138,123,139,140
26,30,32,31,144,41,58,68,138,123,139,140
27,47,35,46,45,44,43,81,80,79,77,76,96,162,161,160,122,123,139,140
28,29,26,30,32,31,144,41,58,68,138,123,139,140
29,26,30,32,31,144,41,58,68,138,123,139,140
30,32,31,144,41,58,68,138,123,139,140
31,144,41,58,68,138,123,139,140
32,31,144,41,58,68,138,123,139,140
33,34,64,65,59,67,86,161,160,122,123,139,140
34,64,65,59,67,86,161,160,122,123,139,140
35,46,45,44,43,81,80,79,77,76,96,162,161,160,122,123,139,140
36,435,163,162,161,160,122,123,139,140
37,434,55,56,70,69,68,138,123,139,140
38,55,56,70,69,68,138,123,139,140
39,56,70,69,68,138,123,139,140
40,57,69,68,138,123,139,140
41,58,68,138,123,139,140
42,41,58,68,138,123,139,140
43,81,80,79,77,76,96,162,161,160,122,123,139,140
44,43,81,80,79,77,76,96,162,161,160,122,123,139,140
45,44,43,81,80,79,77,76,96,162,161,160,122,123,139,140
46,45,44,43,81,80,79,77,76,96,162,161,160,122,123,139,140
47,35,46,45,44,43,81,80,79,77,76,96,162,161,160,122,123,139,140
48,27,47,35,46,45,44,43,81,80,79,77,76,96,162,161,160,122,123,139,140
49,48,27,47,35,46,45,44,43,81,80,79,77,76,96,162,161,160,122,123,139,140
50,51,130,112,131,90,163,162,161,160,122,123,139,140
51,130,112,131,90,163,162,161,160,122,123,139,140
52,44,43,81,80,79,77,76,96,162,161,160,122,123,139,140
53,52,44,43,81,80,79,77,76,96,162,161,160,122,123,139,140
54,53,52,44,43,81,80,79,77,76,96,162,161,160,122,123,139,140
55,56,70,69,68,138,123,139,140
56,70,69,68,138,123,139,140
57,69,68,138,123,139,140
58,68,138,123,139,140
59,67,86,161,160,122,123,139,140
60,80,79,77,76,96,162,161,160,122,123,139,140
61,95,50,51,130,112,131,90,163,162,161,160,122,123,139,140
62,63,54,53,52,44,43,81,80,79,77,76,96,162,161,160,122,123,139,140
63,54,53,52,44,43,81,80,79,77,76,96,162,161,160,122,123,139,140
64,65,59,67,86,161,160,122,123,139,140
65,59,67,86,161,160,122,123,139,140
66,79,77,76,96,162,161,160,122,123,139,140
67,86,161,160,122,123,139,140
68,138,123,139,140
69,68,138,123,139,140
70,69,68,138,123,139,140
71,70,69,68,138,123,139,140
72,71,70,69,68,138,123,139,140
73,72,71,70,69,68,138,123,139,140
74,88,53,52,44,43,81,80,79,77,76,96,162,161,160,122,123,139,140
75,62,63,54,53,52,44,43,81,80,79,77,76,96,162,161,160,122,123,139,140
76,96,162,161,160,122,123,139,140
77,76,96,162,161,160,122,123,139,140
78,85,163,162,161,160,122,123,139,140
79,77,76,96,162,161,160,122,123,139,140
80,79,77,76,96,162,161,160,122,123,139,140
81,80,79,77,76,96,162,161,160,122,123,139,140
82,83,84,85,163,162,161,160,122,123,139,140
83,84,85,163,162,161,160,122,123,139,140
84,85,163,162,161,160,122,123,139,140
85,163,162,161,160,122,123,139,140
86,161,160,122,123,139,140
87,304,138,123,139,140
88,53,52,44,43,81,80,79,77,76,96,162,161,160,122,123,139,140
89,63,54,53,52,44,43,81,80,79,77,76,96,162,161,160,122,123,139,140
90,163,162,161,160,122,123,139,140
91,90,163,162,161,160,122,123,139,140
92,113,84,85,163,162,161,160,122,123,139,140
93,92,113,84,85,163,162,161,160,122,123,139,140
94,95,50,51,130,112,131,90,163,162,161,160,122,123,139,140
95,50,51,130,112,131,90,163,162,161,160,122,123,139,140
96,162,161,160,122,123,139,140
97,121,118,61,95,50,51,130,112,131,90,163,162,161,160,122,123,139,140
98,97,121,118,61,95,50,51,130,112,131,90,163,162,161,160,122,123,139,140
99,140
100,140
101,140
102,140
103,140
104,140
105,140
106,140
107,140
108,140
109,140
110,140
111,112,131,90,163,162,161,160,122,123,139,140
112,131,90,163,162,161,160,122,123,139,140
113,84,85,163,162,161,160,122,123,139,140
114,140
115,140
116,140
117,130,112,131,90,163,162,161,160,122,123,139,140
118,61,95,50,51,130,112,131,90,163,162,161,160,122,123,139,140
119,140
120,117,130,112,131,90,163,162,161,160,122,123,139,140
121,118,61,95,50,51,130,112,131,90,163,162,161,160,122,123,139,140
122,123,139,140
123,139,140
124,305,139,140
125,124,305,139,140
126,140
127,140
128,140
129,140
130,112,131,90,163,162,161,160,122,123,139,140
131,90,163,162,161,160,122,123,139,140
132,133,134,135,165,139,140
133,134,135,165,139,140
134,135,165,139,140
135,165,139,140
136,140
137,140
138,123,139,140
139,140
140
141,140
142,140
143,25,31,144,41,58,68,138,123,139,140
144,41,58,68,138,123,139,140
145,140
146,140
147,140
148,140
149,140
150,140
151,140
152,140
153,140
154,140
155,140
156,140
157,140
158,140
159,140
160,122,123,139,140
161,160,122,123,139,140
162,161,160,122,123,139,140
163,162,161,160,122,123,139,140
164,140
165,139,140
166,140
167,140
168,140
169,140
170,140
171,140
172,140
173,140
174,140
175,140
176,140
177,140
178,140
179,140
180,140
181,140
182,140
183,140
184,140
185,140
186,140
187,140
188,140
189,140
190,140
191,140
192,140
193,140
194,140
195,140
196,140
197,140
198,140
199,140
200,140
201,140
202,140
203,140
204,140
205,140
206,140
207,140
208,140
209,140
210,140
211,140
212,140
213,140
214,140
215,140
216,140
217,140
218,140
219,140
220,140
221,140
222,140
223,140
224,140
225,140
226,140
227,140
228,140
229,140
230,140
231,140
232,140
233,140
234,140
235,140
236,134,135,165,139,140
237,140
238,140
239,140
240,140
241,140
242,140
243,140
244,140
245,140
246,140
247,140
248,140
249,140
250,140
251,140
252,140
253,140
254,140
255,140
256,140
257,140
258,140
259,140
260,140
261,140
262,140
263,140
264,140
265,140
266,140
267,140
268,140
269,140
270,140
271,140
272,140
273,140
274,140
275,140
276,349,350,293,294,295,312,311,143,25,31,144,41,58,68,138,123,139,140
277,140
278,140
279,140
280,140
281,140
282,140
283,140
284,140
285,140
286,140
287,140
288,133,134,135,165,139,140
289,140
290,140
291,140
292,293,294,295,312,311,143,25,31,144,41,58,68,138,123,139,140
293,294,295,312,311,143,25,31,144,41,58,68,138,123,139,140
294,295,312,311,143,25,31,144,41,58,68,138,123,139,140
295,312,311,143,25,31,144,41,58,68,138,123,139,140
296,295,312,311,143,25,31,144,41,58,68,138,123,139,140
297,42,41,58,68,138,123,139,140
298,288,133,134,135,165,139,140
299,83,84,85,163,162,161,160,122,123,139,140
300,143,25,31,144,41,58,68,138,123,139,140
301,40,57,69,68,138,123,139,140
302,140
303,140
304,138,123,139,140
305,139,140
306,305,139,140
307,296,295,312,311,143,25,31,144,41,58,68,138,123,139,140
308,307,296,295,312,311,143,25,31,144,41,58,68,138,123,139,140
309,140
310,140
311,143,25,31,144,41,58,68,138,123,139,140
312,311,143,25,31,144,41,58,68,138,123,139,140
313,314,311,143,25,31,144,41,58,68,138,123,139,140
314,311,143,25,31,144,41,58,68,138,123,139,140
315,140
316,140
317,140
318,140
319,140
320,140
321,140
322,140
323,140
324,140
325,140
326,140
327,140
328,140
329,300,143,25,31,144,41,58,68,138,123,139,140
330,97,121,118,61,95,50,51,130,112,131,90,163,162,161,160,122,123,139,140
331,330,97,121,118,61,95,50,51,130,112,131,90,163,162,161,160,122,123,139,140
332,39,56,70,69,68,138,123,139,140
333,332,39,56,70,69,68,138,123,139,140
334,381,38,55,56,70,69,68,138,123,139,140
335,348,308,307,296,295,312,311,143,25,31,144,41,58,68,138,123,139,140
336,338,337,341,132,133,134,135,165,139,140
337,341,132,133,134,135,165,139,140
338,337,341,132,133,134,135,165,139,140
339,336,338,337,341,132,133,134,135,165,139,140
340,339,336,338,337,341,132,133,134,135,165,139,140
341,132,133,134,135,165,139,140
342,339,336,338,337,341,132,133,134,135,165,139,140
343,140
344,140
345,140
346,140
347,140
348,308,307,296,295,312,311,143,25,31,144,41,58,68,138,123,139,140
349,350,293,294,295,312,311,143,25,31,144,41,58,68,138,123,139,140
350,293,294,295,312,311,143,25,31,144,41,58,68,138,123,139,140
351,140
352,140
353,140
354,140
355,140
356,140
357,140
358,140
359,140
360,140
361,140
362,140
363,140
364,140
365,140
366,140
367,140
368,132,133,134,135,165,139,140
369,341,132,133,134,135,165,139,140
370,140
371,140
372,373,374,375,70,69,68,138,123,139,140
373,374,375,70,69,68,138,123,139,140
374,375,70,69,68,138,123,139,140
375,70,69,68,138,123,139,140
376,332,39,56,70,69,68,138,123,139,140
377,376,332,39,56,70,69,68,138,123,139,140
378,379,380,333,332,39,56,70,69,68,138,123,139,140
379,380,333,332,39,56,70,69,68,138,123,139,140
380,333,332,39,56,70,69,68,138,123,139,140
381,38,55,56,70,69,68,138,123,139,140
382,334,381,38,55,56,70,69,68,138,123,139,140
383,376,332,39,56,70,69,68,138,123,139,140
384,372,373,374,375,70,69,68,138,123,139,140
385,432,373,374,375,70,69,68,138,123,139,140
386,429,428,374,375,70,69,68,138,123,139,140
387,430,431,375,70,69,68,138,123,139,140
388,377,376,332,39,56,70,69,68,138,123,139,140
389,140
390,140
391,140
392,140
393,140
394,140
395,140
396,140
397,140
398,140
399,140
400,140
401,140
402,140
403,140
404,140
405,140
406,140
407,140
408,140
409,140
410,140
411,140
412,140
413,140
414,140
415,140
416,140
417,140
418,140
419,140
420,140
421,140
422,140
423,140
424,140
425,140
426,140
427,140
428,374,375,70,69,68,138,123,139,140
429,428,374,375,70,69,68,138,123,139,140
430,431,375,70,69,68,138,123,139,140
431,375,70,69,68,138,123,139,140
432,373,374,375,70,69,68,138,123,139,140
433,73,72,71,70,69,68,138,123,139,140
434,55,56,70,69,68,138,123,139,140
435,163,162,161,160,122,123,139,140
436,435,163,162,161,160,122,123,139,140
437,140
438,140
439,140
440,140
441,140
442,140
443,140
444,140
445,140
446,140
447,140
448,140
449,140
450,140
451,140
452,140
453,140
454,140
455,140
456,140
457,140
458,140
459,140
460,140
461,140
462,140
463,140
464,140
465,140
466,140
467,140
468,140
469,140
470,140
471,140
472,140
473,140
474,140
475,140
476,140
477,140
478,140
479,140
480,140
481,140
482,140
483,140
484,140
485,140
486,140
487,140
488,140
489,140
490,140
491,140
492,140
493,140
494,140
495,140
496,140
497,140
498,140
499,140
500,140
501,140
502,140
503,140
504,140
505,140
506,140
507,140
508,140
509,140
510,140
511,140
512,140
513,140
514,140
515,140
516,140
517,140
518,140
519,140
520,140
521,140
522,140
523,140
524,140
525,140
526,140
527,140
528,140
529,140
530,140
531,140
532,140
533,140
534,140
535,140
536,140
537,140
538,140
539,140
540,140
541,140
542,140
543,140
544,140
545,140
546,140
547,140
548,140
549,140
550,140
551,140
552,140
553,140
554,140
555,140
556,140
557,140
558,140
559,140
560,140
561,140
562,140
563,140
564,140
565,140
566,140
567,140
568,140
569,140
570,140
571,140
572,140
573,140
574,140
575,140
576,140
577,140
578,140
579,140
580,140
581,140
582,140
583,140
584,140
585,140
586,140
587,140
588,140
589,140
590,140
591,140
592,140
593,140
594,140
595,140
596,140
597,140
598,140
599,140
600,140
601,140
602,140
603,140
1,37
2,37
3,37
4,37
5,37
6,37
7,37
8,37
9,37
10,37
11,37
12,37
13,37
14,37
15,37
16,37
17,37
18,37
19,37
20,37
21,37
22,37
23,37
24,37
25,31,144,301,332,333,381,38,37
26,30,32,31,144,301,332,333,381,38,37
27,47,35,46,45,64,144,301,332,333,381,38,37
28,29,26,30,32,31,144,301,332,333,381,38,37
29,26,30,32,31,144,301,332,333,381,38,37
30,32,31,144,301,332,333,381,38,37
31,144,301,332,333,381,38,37
32,31,144,301,332,333,381,38,37
33,34,32,31,144,301,332,333,381,38,37
34,32,31,144,301,332,333,381,38,37
35,46,45,64,144,301,332,333,381,38,37
36,435,163,162,96,76,77,79,66,67,68,69,70,56,55,434,37
37
38,37
39,38,37
40,39,38,37
41,40,39,38,37
42,41,40,39,38,37
43,44,65,297,42,41,40,39,38,37
44,65,297,42,41,40,39,38,37
45,64,144,301,332,333,381,38,37
46,45,64,144,301,332,333,381,38,37
47,35,46,45,64,144,301,332,333,381,38,37
48,27,47,35,46,45,64,144,301,332,333,381,38,37
49,48,27,47,35,46,45,64,144,301,332,333,381,38,37
50,51,52,44,65,297,42,41,40,39,38,37
51,52,44,65,297,42,41,40,39,38,37
52,44,65,297,42,41,40,39,38,37
53,45,64,144,301,332,333,381,38,37
54,53,45,64,144,301,332,333,381,38,37
55,434,37
56,55,434,37
57,56,55,434,37
58,57,56,55,434,37
59,58,57,56,55,434,37
60,59,58,57,56,55,434,37
61,62,63,54,53,45,64,144,301,332,333,381,38,37
62,63,54,53,45,64,144,301,332,333,381,38,37
63,54,53,45,64,144,301,332,333,381,38,37
64,144,301,332,333,381,38,37
65,297,42,41,40,39,38,37
66,67,68,69,70,56,55,434,37
67,68,69,70,56,55,434,37
68,69,70,56,55,434,37
69,70,56,55,434,37
70,56,55,434,37
71,72,73,55,434,37
72,73,55,434,37
73,55,434,37
74,88,53,45,64,144,301,332,333,381,38,37
75,62,63,54,53,45,64,144,301,332,333,381,38,37
76,77,79,66,67,68,69,70,56,55,434,37
77,79,66,67,68,69,70,56,55,434,37
78,77,79,66,67,68,69,70,56,55,434,37
79,66,67,68,69,70,56,55,434,37
80,60,59,58,57,56,55,434,37
81,43,44,65,297,42,41,40,39,38,37
82,43,44,65,297,42,41,40,39,38,37
83,82,43,44,65,297,42,41,40,39,38,37
84,83,82,43,44,65,297,42,41,40,39,38,37
85,78,77,79,66,67,68,69,70,56,55,434,37
86,67,68,69,70,56,55,434,37
87,304,138,68,69,70,56,55,434,37
88,53,45,64,144,301,332,333,381,38,37
89,63,54,53,45,64,144,301,332,333,381,38,37
90,91,92,93,299,83,82,43,44,65,297,42,41,40,39,38,37
91,92,93,299,83,82,43,44,65,297,42,41,40,39,38,37
92,93,299,83,82,43,44,65,297,42,41,40,39,38,37
93,299,83,82,43,44,65,297,42,41,40,39,38,37
94,95,50,51,52,44,65,297,42,41,40,39,38,37
95,50,51,52,44,65,297,42,41,40,39,38,37
96,76,77,79,66,67,68,69,70,56,55,434,37
97,121,118,75,62,63,54,53,45,64,144,301,332,333,381,38,37
98,97,121,118,75,62,63,54,53,45,64,144,301,332,333,381,38,37
99,37
100,37
101,37
102,37
103,37
104,37
105,37
106,37
107,37
108,37
109,37
110,37
111,112,92,93,299,83,82,43,44,65,297,42,41,40,39,38,37
112,92,93,299,83,82,43,44,65,297,42,41,40,39,38,37
113,84,83,82,43,44,65,297,42,41,40,39,38,37
114,37
115,37
116,37
117,130,93,299,83,82,43,44,65,297,42,41,40,39,38,37
118,75,62,63,54,53,45,64,144,301,332,333,381,38,37
119,37
120,117,130,93,299,83,82,43,44,65,297,42,41,40,39,38,37
121,118,75,62,63,54,53,45,64,144,301,332,333,381,38,37
122,123,138,68,69,70,56,55,434,37
123,138,68,69,70,56,55,434,37
124,123,138,68,69,70,56,55,434,37
125,124,123,138,68,69,70,56,55,434,37
126,37
127,37
128,37
129,37
130,93,299,83,82,43,44,65,297,42,41,40,39,38,37
131,112,92,93,299,83,82,43,44,65,297,42,41,40,39,38,37
132,131,112,92,93,299,83,82,43,44,65,297,42,41,40,39,38,37
133,162,96,76,77,79,66,67,68,69,70,56,55,434,37
134,161,86,67,68,69,70,56,55,434,37
135,165,139,123,138,68,69,70,56,55,434,37
136,37
137,37
138,68,69,70,56,55,434,37
139,123,138,68,69,70,56,55,434,37
140,139,123,138,68,69,70,56,55,434,37
141,37
142,37
143,300,301,332,333,381,38,37
144,301,332,333,381,38,37
145,37
146,37
147,37
148,37
149,37
150,37
151,37
152,37
153,37
154,37
155,37
156,37
157,37
158,37
159,37
160,122,123,138,68,69,70,56,55,434,37
161,86,67,68,69,70,56,55,434,37
162,96,76,77,79,66,67,68,69,70,56,55,434,37
163,162,96,76,77,79,66,67,68,69,70,56,55,434,37
164,37
165,139,123,138,68,69,70,56,55,434,37
166,37
167,37
168,37
169,37
170,37
171,37
172,37
173,37
174,37
175,37
176,37
177,37
178,37
179,37
180,37
181,37
182,37
183,37
184,37
185,37
186,37
187,37
188,37
189,37
190,37
191,37
192,37
193,37
194,37
195,37
196,37
197,37
198,37
199,37
200,37
201,37
202,37
203,37
204,37
205,37
206,37
207,37
208,37
209,37
210,37
211,37
212,37
213,37
214,37
215,37
216,37
217,37
218,37
219,37
220,37
221,37
222,37
223,37
224,37
225,37
226,37
227,37
228,37
229,37
230,37
231,37
232,37
233,37
234,37
235,37
236,134,161,86,67,68,69,70,56,55,434,37
237,37
238,37
239,37
240,37
241,37
242,37
243,37
244,37
245,37
246,37
247,37
248,37
249,37
250,37
251,37
252,37
253,37
254,37
255,37
256,37
257,37
258,37
259,37
260,37
261,37
262,37
263,37
264,37
265,37
266,37
267,37
268,37
269,37
270,37
271,37
272,37
273,37
274,37
275,37
276,349,350,293,294,295,312,311,143,300,301,332,333,381,38,37
277,37
278,37
279,37
280,37
281,37
282,37
283,37
284,37
285,37
286,37
287,37
288,133,162,96,76,77,79,66,67,68,69,70,56,55,434,37
289,37
290,37
291,37
292,293,294,295,312,311,143,300,301,332,333,381,38,37
293,294,295,312,311,143,300,301,332,333,381,38,37
294,295,312,311,143,300,301,332,333,381,38,37
295,312,311,143,300,301,332,333,381,38,37
296,295,312,311,143,300,301,332,333,381,38,37
297,42,41,40,39,38,37
298,288,133,162,96,76,77,79,66,67,68,69,70,56,55,434,37
299,83,82,43,44,65,297,42,41,40,39,38,37
300,301,332,333,381,38,37
301,332,333,381,38,37
302,37
303,37
304,138,68,69,70,56,55,434,37
305,139,123,138,68,69,70,56,55,434,37
306,305,139,123,138,68,69,70,56,55,434,37
307,296,295,312,311,143,300,301,332,333,381,38,37
308,307,296,295,312,311,143,300,301,332,333,381,38,37
309,37
310,37
311,143,300,301,332,333,381,38,37
312,311,143,300,301,332,333,381,38,37
313,314,311,143,300,301,332,333,381,38,37
314,311,143,300,301,332,333,381,38,37
315,37
316,37
317,37
318,37
319,37
320,37
321,37
322,37
323,37
324,37
325,37
326,37
327,37
328,37
329,377,376,332,333,381,38,37
330,97,121,118,75,62,63,54,53,45,64,144,301,332,333,381,38,37
331,330,97,121,118,75,62,63,54,53,45,64,144,301,332,333,381,38,37
332,333,381,38,37
333,381,38,37
334,381,38,37
335,348,308,307,296,295,312,311,143,300,301,332,333,381,38,37
336,338,337,341,132,131,112,92,93,299,83,82,43,44,65,297,42,41,40,39,38,37
337,341,132,131,112,92,93,299,83,82,43,44,65,297,42,41,40,39,38,37
338,337,341,132,131,112,92,93,299,83,82,43,44,65,297,42,41,40,39,38,37
339,336,338,337,341,132,131,112,92,93,299,83,82,43,44,65,297,42,41,40,39,38,37
340,339,336,338,337,341,132,131,112,92,93,299,83,82,43,44,65,297,42,41,40,39,38,37
341,132,131,112,92,93,299,83,82,43,44,65,297,42,41,40,39,38,37
342,339,336,338,337,341,132,131,112,92,93,299,83,82,43,44,65,297,42,41,40,39,38,37
343,37
344,37
345,37
346,37
347,37
348,308,307,296,295,312,311,143,300,301,332,333,381,38,37
349,350,293,294,295,312,311,143,300,301,332,333,381,38,37
350,293,294,295,312,311,143,300,301,332,333,381,38,37
351,37
352,37
353,37
354,37
355,37
356,37
357,37
358,37
359,37
360,37
361,37
362,37
363,37
364,37
365,37
366,37
367,37
368,132,131,112,92,93,299,83,82,43,44,65,297,42,41,40,39,38,37
369,341,132,131,112,92,93,299,83,82,43,44,65,297,42,41,40,39,38,37
370,37
371,37
372,384,385,386,387,73,55,434,37
373,432,385,386,387,73,55,434,37
374,428,429,386,387,73,55,434,37
375,431,430,387,73,55,434,37
376,332,333,381,38,37
377,376,332,333,381,38,37
378,379,380,333,381,38,37
379,380,333,381,38,37
380,333,381,38,37
381,38,37
382,334,381,38,37
383,380,333,381,38,37
384,385,386,387,73,55,434,37
385,386,387,73,55,434,37
386,387,73,55,434,37
387,73,55,434,37
388,379,380,333,381,38,37
389,37
390,37
391,37
392,37
393,37
394,37
395,37
396,37
397,37
398,37
399,37
400,37
401,37
402,37
403,37
404,37
405,37
406,37
407,37
408,37
409,37
410,37
411,37
412,37
413,37
414,37
415,37
416,37
417,37
418,37
419,37
420,37
421,37
422,37
423,37
424,37
425,37
426,37
427,37
428,429,386,387,73,55,434,37
429,386,387,73,55,434,37
430,387,73,55,434,37
431,430,387,73,55,434,37
432,385,386,387,73,55,434,37
433,434,37
434,37
435,163,162,96,76,77,79,66,67,68,69,70,56,55,434,37
436,435,163,162,96,76,77,79,66,67,68,69,70,56,55,434,37
437,37
438,37
439,37
440,37
441,37
442,37
443,37
444,37
445,37
446,37
447,37
448,37
449,37
450,37
451,37
452,37
453,37
454,37
455,37
456,37
457,37
458,37
459,37
460,37
461,37
462,37
463,37
464,37
465,37
466,37
467,37
468,37
469,37
470,37
471,37
472,37
473,37
474,37
475,37
476,37
477,37
478,37
479,37
480,37
481,37
482,37
483,37
484,37
485,37
486,37
487,37
488,37
489,37
490,37
491,37
492,37
493,37
494,37
495,37
496,37
497,37
498,37
499,37
500,37
501,37
502,37
503,37
504,37
505,37
506,37
507,37
508,37
509,37
510,37
511,37
512,37
513,37
514,37
515,37
516,37
517,37
518,37
519,37
520,37
521,37
522,37
523,37
524,37
525,37
526,37
527,37
528,37
529,37
530,37
531,37
532,37
533,37
534,37
535,37
536,37
537,37
538,37
539,37
540,37
541,37
542,37
543,37
544,37
545,37
546,37
547,37
548,37
549,37
550,37
551,37
552,37
553,37
554,37
555,37
556,37
557,37
558,37
559,37
560,37
561,37
562,37
563,37
564,37
565,37
566,37
567,37
568,37
569,37
570,37
571,37
572,37
573,37
574,37
575,37
576,37
577,37
578,37
579,37
580,37
581,37
582,37
583,37
584,37
585,37
586,37
587,37
588,37
589,37
590,37
591,37
592,37
593,37
594,37
595,37
596,37
597,37
598,37
599,37
600,37
601,37
602,37
603,37
1,378
2,378
3,378
4,378
5,378
6,378
7,378
8,378
9,378
10,378
11,378
12,378
13,378
14,378
15,378
16,378
17,378
18,378
19,378
20,378
21,378
22,378
23,378
24,378
25,143,300,329,377,388,379,378
26,25,143,300,329,377,388,379,378
27,48,49,28,313,314,311,143,300,329,377,388,379,378
28,313,314,311,143,300,329,377,388,379,378
29,28,313,314,311,143,300,329,377,388,379,378
30,32,31,144,301,332,333,380,379,378
31,144,301,332,333,380,379,378
32,31,144,301,332,333,380,379,378
33,34,32,31,144,301,332,333,380,379,378
34,32,31,144,301,332,333,380,379,378
35,46,45,64,144,301,332,333,380,379,378
36,435,163,85,84,83,82,43,44,45,64,144,301,332,333,380,379,378
37,38,381,333,380,379,378
38,381,333,380,379,378
39,332,333,380,379,378
40,301,332,333,380,379,378
41,40,301,332,333,380,379,378
42,41,40,301,332,333,380,379,378
43,44,45,64,144,301,332,333,380,379,378
44,45,64,144,301,332,333,380,379,378
45,64,144,301,332,333,380,379,378
46,45,64,144,301,332,333,380,379,378
47,35,46,45,64,144,301,332,333,380,379,378
48,49,28,313,314,311,143,300,329,377,388,379,378
49,28,313,314,311,143,300,329,377,388,379,378
50,74,88,53,45,64,144,301,332,333,380,379,378
51,52,53,45,64,144,301,332,333,380,379,378
52,53,45,64,144,301,332,333,380,379,378
53,45,64,144,301,332,333,380,379,378
54,53,45,64,144,301,332,333,380,379,378
55,38,381,333,380,379,378
56,39,332,333,380,379,378
57,56,39,332,333,380,379,378
58,57,56,39,332,333,380,379,378
59,65,64,144,301,332,333,380,379,378
60,59,65,64,144,301,332,333,380,379,378
61,62,63,54,53,45,64,144,301,332,333,380,379,378
62,63,54,53,45,64,144,301,332,333,380,379,378
63,54,53,45,64,144,301,332,333,380,379,378
64,144,301,332,333,380,379,378
65,64,144,301,332,333,380,379,378
66,67,59,65,64,144,301,332,333,380,379,378
67,59,65,64,144,301,332,333,380,379,378
68,69,70,56,39,332,333,380,379,378
69,70,56,39,332,333,380,379,378
70,56,39,332,333,380,379,378
71,72,73,55,38,381,333,380,379,378
72,73,55,38,381,333,380,379,378
73,55,38,381,333,380,379,378
74,88,53,45,64,144,301,332,333,380,379,378
75,89,49,28,313,314,311,143,300,329,377,388,379,378
76,77,79,80,81,43,44,45,64,144,301,332,333,380,379,378
77,79,80,81,43,44,45,64,144,301,332,333,380,379,378
78,85,84,83,82,43,44,45,64,144,301,332,333,380,379,378
79,80,81,43,44,45,64,144,301,332,333,380,379,378
80,81,43,44,45,64,144,301,332,333,380,379,378
81,43,44,45,64,144,301,332,333,380,379,378
82,43,44,45,64,144,301,332,333,380,379,378
83,82,43,44,45,64,144,301,332,333,380,379,378
84,83,82,43,44,45,64,144,301,332,333,380,379,378
85,84,83,82,43,44,45,64,144,301,332,333,380,379,378
86,67,59,65,64,144,301,332,333,380,379,378
87,304,138,68,69,70,56,39,332,333,380,379,378
88,53,45,64,144,301,332,333,380,379,378
89,49,28,313,314,311,143,300,329,377,388,379,378
90,91,92,93,299,83,82,43,44,45,64,144,301,332,333,380,379,378
91,92,93,299,83,82,43,44,45,64,144,301,332,333,380,379,378
92,93,299,83,82,43,44,45,64,144,301,332,333,380,379,378
93,299,83,82,43,44,45,64,144,301,332,333,380,379,378
94,95,50,74,88,53,45,64,144,301,332,333,380,379,378
95,50,74,88,53,45,64,144,301,332,333,380,379,378
96,76,77,79,80,81,43,44,45,64,144,301,332,333,380,379,378
97,121,118,75,89,49,28,313,314,311,143,300,329,377,388,379,378
98,97,121,118,75,89,49,28,313,314,311,143,300,329,377,388,379,378
99,378
100,378
101,378
102,378
103,378
104,378
105,378
106,378
107,378
108,378
109,378
110,378
111,112,130,51,52,53,45,64,144,301,332,333,380,379,378
112,130,51,52,53,45,64,144,301,332,333,380,379,378
113,84,83,82,43,44,45,64,144,301,332,333,380,379,378
114,378
115,378
116,378
117,95,50,74,88,53,45,64,144,301,332,333,380,379,378
118,75,89,49,28,313,314,311,143,300,329,377,388,379,378
119,378
120,94,95,50,74,88,53,45,64,144,301,332,333,380,379,378
121,118,75,89,49,28,313,314,311,143,300,329,377,388,379,378
122,123,138,68,69,70,56,39,332,333,380,379,378
123,138,68,69,70,56,39,332,333,380,379,378
124,123,138,68,69,70,56,39,332,333,380,379,378
125,124,123,138,68,69,70,56,39,332,333,380,379,378
126,378
127,378
128,378
129,378
130,51,52,53,45,64,144,301,332,333,380,379,378
131,112,130,51,52,53,45,64,144,301,332,333,380,379,378
132,131,112,130,51,52,53,45,64,144,301,332,333,380,379,378
133,162,96,76,77,79,80,81,43,44,45,64,144,301,332,333,380,379,378
134,161,86,67,59,65,64,144,301,332,333,380,379,378
135,165,139,123,138,68,69,70,56,39,332,333,380,379,378
136,378
137,378
138,68,69,70,56,39,332,333,380,379,378
139,123,138,68,69,70,56,39,332,333,380,379,378
140,139,123,138,68,69,70,56,39,332,333,380,379,378
141,378
142,378
143,300,329,377,388,379,378
144,301,332,333,380,379,378
145,378
146,378
147,378
148,378
149,378
150,378
151,378
152,378
153,378
154,378
155,378
156,378
157,378
158,378
159,378
160,122,123,138,68,69,70,56,39,332,333,380,379,378
161,86,67,59,65,64,144,301,332,333,380,379,378
162,96,76,77,79,80,81,43,44,45,64,144,301,332,333,380,379,378
163,85,84,83,82,43,44,45,64,144,301,332,333,380,379,378
164,378
165,139,123,138,68,69,70,56,39,332,333,380,379,378
166,378
167,378
168,378
169,378
170,378
171,378
172,378
173,378
174,378
175,378
176,378
177,378
178,378
179,378
180,378
181,378
182,378
183,378
184,378
185,378
186,378
187,378
188,378
189,378
190,378
191,378
192,378
193,378
194,378
195,378
196,378
197,378
198,378
199,378
200,378
201,378
202,378
203,378
204,378
205,378
206,378
207,378
208,378
209,378
210,378
211,378
212,378
213,378
214,378
215,378
216,378
217,378
218,378
219,378
220,378
221,378
222,378
223,378
224,378
225,378
226,378
227,378
228,378
229,378
230,378
231,378
232,378
233,378
234,378
235,378
236,134,161,86,67,59,65,64,144,301,332,333,380,379,378
237,378
238,378
239,378
240,378
241,378
242,378
243,378
244,378
245,378
246,378
247,378
248,378
249,378
250,378
251,378
252,378
253,378
254,378
255,378
256,378
257,378
258,378
259,378
260,378
261,378
262,378
263,378
264,378
265,378
266,378
267,378
268,378
269,378
270,378
271,378
272,378
273,378
274,378
275,378
276,349,350,293,294,295,312,311,143,300,329,377,388,379,378
277,378
278,378
279,378
280,378
281,378
282,378
283,378
284,378
285,378
286,378
287,378
288,133,162,96,76,77,79,80,81,43,44,45,64,144,301,332,333,380,379,378
289,378
290,378
291,378
292,293,294,295,312,311,143,300,329,377,388,379,378
293,294,295,312,311,143,300,329,377,388,379,378
294,295,312,311,143,300,329,377,388,379,378
295,312,311,143,300,329,377,388,379,378
296,295,312,311,143,300,329,377,388,379,378
297,42,41,40,301,332,333,380,379,378
298,288,133,162,96,76,77,79,80,81,43,44,45,64,144,301,332,333,380,379,378
299,83,82,43,44,45,64,144,301,332,333,380,379,378
300,329,377,388,379,378
301,332,333,380,379,378
302,378
303,378
304,138,68,69,70,56,39,332,333,380,379,378
305,139,123,138,68,69,70,56,39,332,333,380,379,378
306,305,139,123,138,68,69,70,56,39,332,333,380,379,378
307,296,295,312,311,143,300,329,377,388,379,378
308,307,296,295,312,311,143,300,329,377,388,379,378
309,378
310,378
311,143,300,329,377,388,379,378
312,311,143,300,329,377,388,379,378
313,314,311,143,300,329,377,388,379,378
314,311,143,300,329,377,388,379,378
315,378
316,378
317,378
318,378
319,378
320,378
321,378
322,378
323,378
324,378
325,378
326,378
327,378
328,378
329,377,388,379,378
330,97,121,118,75,89,49,28,313,314,311,143,300,329,377,388,379,378
331,330,97,121,118,75,89,49,28,313,314,311,143,300,329,377,388,379,378
332,333,380,379,378
333,380,379,378
334,382,378
335,348,308,307,296,295,312,311,143,300,329,377,388,379,378
336,338,337,341,132,131,112,130,51,52,53,45,64,144,301,332,333,380,379,378
337,341,132,131,112,130,51,52,53,45,64,144,301,332,333,380,379,378
338,337,341,132,131,112,130,51,52,53,45,64,144,301,332,333,380,379,378
339,336,338,337,341,132,131,112,130,51,52,53,45,64,144,301,332,333,380,379,378
340,339,336,338,337,341,132,131,112,130,51,52,53,45,64,144,301,332,333,380,379,378
341,132,131,112,130,51,52,53,45,64,144,301,332,333,380,379,378
342,339,336,338,337,341,132,131,112,130,51,52,53,45,64,144,301,332,333,380,379,378
343,378
344,378
345,378
346,378
347,378
348,308,307,296,295,312,311,143,300,329,377,388,379,378
349,350,293,294,295,312,311,143,300,329,377,388,379,378
350,293,294,295,312,311,143,300,329,377,388,379,378
351,378
352,378
353,378
354,378
355,378
356,378
357,378
358,378
359,378
360,378
361,378
362,378
363,378
364,378
365,378
366,378
367,378
368,132,131,112,130,51,52,53,45,64,144,301,332,333,380,379,378
369,341,132,131,112,130,51,52,53,45,64,144,301,332,333,380,379,378
370,378
371,378
372,384,385,386,387,73,55,38,381,333,380,379,378
373,432,385,386,387,73,55,38,381,333,380,379,378
374,428,429,386,387,73,55,38,381,333,380,379,378
375,431,430,387,73,55,38,381,333,380,379,378
376,383,380,379,378
377,388,379,378
378
379,378
380,379,378
381,333,380,379,378
382,378
383,380,379,378
384,385,386,387,73,55,38,381,333,380,379,378
385,386,387,73,55,38,381,333,380,379,378
386,387,73,55,38,381,333,380,379,378
387,73,55,38,381,333,380,379,378
388,379,378
389,378
390,378
391,378
392,378
393,378
394,378
395,378
396,378
397,378
398,378
399,378
400,378
401,378
402,378
403,378
404,378
405,378
406,378
407,378
408,378
409,378
410,378
411,378
412,378
413,378
414,378
415,378
416,378
417,378
418,378
419,378
420,378
421,378
422,378
423,378
424,378
425,378
426,378
427,378
428,429,386,387,73,55,38,381,333,380,379,378
429,386,387,73,55,38,381,333,380,379,378
430,387,73,55,38,381,333,380,379,378
431,430,387,73,55,38,381,333,380,379,378
432,385,386,387,73,55,38,381,333,380,379,378
433,434,55,38,381,333,380,379,378
434,55,38,381,333,380,379,378
435,163,85,84,83,82,43,44,45,64,144,301,332,333,380,379,378
436,435,163,85,84,83,82,43,44,45,64,144,301,332,333,380,379,378
437,378
438,378
439,378
440,378
441,378
442,378
443,378
444,378
445,378
446,378
447,378
448,378
449,378
450,378
451,378
452,378
453,378
454,378
455,378
456,378
457,378
458,378
459,378
460,378
461,378
462,378
463,378
464,378
465,378
466,378
467,378
468,378
469,378
470,378
471,378
472,378
473,378
474,378
475,378
476,378
477,378
478,378
479,378
480,378
481,378
482,378
483,378
484,378
485,378
486,378
487,378
488,378
489,378
490,378
491,378
492,378
493,378
494,378
495,378
496,378
497,378
498,378
499,378
500,378
501,378
502,378
503,378
504,378
505,378
506,378
507,378
508,378
509,378
510,378
511,378
512,378
513,378
514,378
515,378
516,378
517,378
518,378
519,378
520,378
521,378
522,378
523,378
524,378
525,378
526,378
527,378
528,378
529,378
530,378
531,378
532,378
533,378
534,378
535,378
536,378
537,378
538,378
539,378
540,378
541,378
542,378
543,378
544,378
545,378
546,378
547,378
548,378
549,378
550,378
551,378
552,378
553,378
554,378
555,378
556,378
557,378
558,378
559,378
560,378
561,378
562,378
563,378
564,378
565,378
566,378
567,378
568,378
569,378
570,378
571,378
572,378
573,378
574,378
575,378
576,378
577,378
578,378
579,378
580,378
581,378
582,378
583,378
584,378
585,378
586,378
587,378
588,378
589,378
590,378
591,378
592,378
593,378
594,378
595,378
596,378
597,378
598,378
599,378
600,378
601,378
602,378
603,378
